"","frmstat","tostat","Date_of_Travel"
"19","BLR","DFW","07-08-2014"
"20","BLR","DFW","24-10-2014"
"21","BLR","DFW","02-01-2015"
"22","BLR","DFW","18-11-2014"
"23","BLR","DFW","30-01-2015"
"25","BLR","DFW","24-11-2014"
"26","BLR","DFW","03-09-2014"
"27","BLR","DFW","30-11-2014"
"28","BLR","DUB","05-06-2015"
"29","BLR","DUB","11-07-2014"
"30","BLR","DUB","18-05-2015"
"31","BLR","DUB","13-11-2014"
"32","BLR","DUB","08-10-2014"
"33","BLR","DUB","01-11-2014"
"34","BLR","DUB","12-02-2015"
"35","BLR","DUB","26-02-2015"
"36","BLR","DUB","13-12-2014"
"37","BLR","DUB","08-05-2015"
"38","BLR","DUB","22-08-2014"
"39","BLR","DUB","08-11-2014"
"40","BLR","DUB","02-08-2014"
"41","BLR","DUB","19-01-2015"
"42","BLR","DUB","03-03-2015"
"43","BLR","JFK","15-05-2015"
"44","BLR","JFK","27-12-2014"
"45","BLR","JFK","16-11-2014"
"46","BLR","JFK","07-02-2015"
"47","BLR","JFK","18-10-2014"
"48","BLR","JFK","25-01-2015"
"49","BLR","JFK","02-02-2015"
"50","BLR","JFK","06-12-2014"
"51","BLR","JFK","28-11-2014"
"52","BLR","JFK","19-03-2015"
"53","BLR","JFK","03-06-2015"
"54","BLR","JFK","13-12-2014"
"55","BLR","LAX","09-02-2015"
"56","BLR","LAX","10-02-2015"
"57","BLR","LAX","17-09-2014"
"58","BLR","LAX","29-01-2015"
"59","BLR","LAX","20-08-2014"
"60","BLR","LAX","16-08-2014"
"61","BLR","LAX","10-05-2015"
"62","BLR","LAX","08-10-2014"
"63","BLR","LAX","02-04-2015"
"64","BLR","LAX","14-08-2014"
"65","BLR","LAX","24-03-2015"
"66","BLR","LAX","22-02-2015"
"67","BLR","LAX","18-04-2015"
"68","BLR","LAX","03-04-2015"
"69","BLR","LAX","29-03-2015"
"70","BLR","LAX","23-06-2015"
"71","BLR","LAX","03-06-2015"
"72","BLR","LAX","10-10-2014"
"73","BLR","LAX","19-02-2015"
"74","BLR","LAX","05-09-2014"
"75","BLR","LHR","19-10-2014"
"76","BLR","LHR","24-02-2015"
"77","BLR","LHR","18-07-2014"
"78","BLR","LHR","22-03-2015"
"79","BLR","LHR","11-11-2014"
"80","BLR","LHR","18-10-2014"
"81","BLR","LHR","11-04-2015"
"82","BLR","LHR","16-05-2015"
"83","BLR","LHR","06-11-2014"
"84","BLR","LHR","11-07-2014"
"85","BLR","LHR","01-02-2015"
"86","BLR","LHR","17-08-2014"
"87","BLR","LHR","25-02-2015"
"88","BLR","LHR","07-09-2014"
"89","BLR","LHR","07-04-2015"
"90","BLR","LUV","27-12-2014"
"91","BLR","LUV","18-08-2014"
"92","BLR","LUV","21-05-2015"
"93","BLR","LUV","17-02-2015"
"94","BLR","LUV","06-04-2015"
"95","BLR","LUV","25-08-2014"
"96","BLR","LUV","07-01-2015"
"97","BLR","LUV","17-11-2014"
"98","BLR","LUV","02-06-2015"
"99","BLR","LUV","10-07-2014"
"101","BLR","LUV","18-01-2015"
"102","BLR","LUV","19-11-2014"
"103","BLR","LUV","23-06-2015"
"104","BLR","LUV","04-02-2015"
"105","BLR","MAD","23-12-2014"
"106","BLR","MAD","21-12-2014"
"107","BLR","MAD","09-01-2015"
"108","BLR","MAD","30-05-2015"
"109","BLR","MAD","23-06-2015"
"110","BLR","MAD","14-06-2015"
"111","BLR","MAD","08-02-2015"
"112","BLR","MAD","29-03-2015"
"113","BLR","MAD","18-10-2014"
"114","BLR","MAD","21-06-2015"
"115","BLR","MAD","07-06-2015"
"116","BLR","MAD","27-07-2014"
"117","BLR","MAD","21-10-2014"
"118","BLR","MAD","23-07-2014"
"119","BLR","MAD","17-07-2014"
"120","BLR","MUM","20-03-2015"
"121","BLR","MUM","07-06-2015"
"122","BLR","MUM","28-09-2014"
"123","BLR","MUM","20-09-2014"
"124","BLR","MUM","14-01-2015"
"125","BLR","MUM","19-06-2015"
"126","BLR","MUM","28-11-2014"
"127","BLR","MUM","25-12-2014"
"128","BLR","MUM","31-03-2015"
"129","BLR","MUM","16-07-2014"
"130","BLR","MUM","10-07-2014"
"131","BLR","MUM","26-05-2015"
"132","BLR","MUM","04-11-2014"
"133","BLR","MUM","12-01-2015"
"134","BLR","MUM","25-10-2014"
"135","BLR","NDL","19-12-2014"
"136","BLR","NDL","07-08-2014"
"137","BLR","NDL","26-07-2014"
"138","BLR","NDL","23-06-2015"
"139","BLR","NDL","04-01-2015"
"140","BLR","NDL","13-08-2014"
"142","BLR","NDL","25-11-2014"
"143","BLR","NDL","30-07-2014"
"144","BLR","NDL","29-07-2014"
"145","BLR","NDL","15-09-2014"
"146","BLR","NDL","30-12-2014"
"147","BLR","NDL","15-12-2014"
"148","BLR","NDL","01-01-2015"
"149","BLR","NDL","21-12-2014"
"150","DFW","BLR","19-02-2015"
"151","DFW","BLR","21-02-2015"
"152","DFW","BLR","22-02-2015"
"153","DFW","BLR","02-10-2014"
"154","DFW","BLR","29-11-2014"
"155","DFW","BLR","21-07-2014"
"156","DFW","BLR","08-03-2015"
"157","DFW","BLR","17-05-2015"
"158","DFW","BLR","28-01-2015"
"159","DFW","BLR","17-12-2014"
"160","DFW","BLR","10-05-2015"
"161","DFW","BLR","21-08-2014"
"162","DFW","BLR","20-10-2014"
"163","DFW","BLR","10-11-2014"
"164","DFW","BLR","09-08-2014"
"165","DFW","BLR","22-01-2015"
"166","DFW","BLR","02-09-2014"
"167","DFW","BLR","19-07-2014"
"168","DFW","BLR","18-10-2014"
"169","DFW","BLR","26-04-2015"
"171","DFW","BLR","14-02-2015"
"185","DFW","DUB","24-10-2014"
"187","DFW","DUB","09-10-2014"
"188","DFW","DUB","19-01-2015"
"189","DFW","DUB","23-06-2015"
"190","DFW","DUB","02-04-2015"
"191","DFW","DUB","27-11-2014"
"192","DFW","DUB","17-05-2015"
"193","DFW","DUB","07-02-2015"
"194","DFW","JFK","01-12-2014"
"195","DFW","JFK","19-07-2014"
"196","DFW","JFK","06-01-2015"
"197","DFW","JFK","25-05-2015"
"198","DFW","JFK","01-09-2014"
"199","DFW","JFK","26-03-2015"
"200","DFW","JFK","10-07-2014"
"201","DFW","JFK","14-09-2014"
"202","DFW","JFK","24-11-2014"
"203","DFW","JFK","24-10-2014"
"204","DFW","JFK","23-10-2014"
"205","DFW","JFK","18-11-2014"
"206","DFW","JFK","18-12-2014"
"207","DFW","JFK","06-04-2015"
"208","DFW","LAX","08-11-2014"
"209","DFW","LAX","05-09-2014"
"210","DFW","LAX","27-09-2014"
"211","DFW","LAX","04-01-2015"
"212","DFW","LAX","02-08-2014"
"213","DFW","LAX","22-02-2015"
"214","DFW","LAX","07-03-2015"
"215","DFW","LAX","16-06-2015"
"216","DFW","LAX","17-03-2015"
"217","DFW","LAX","19-05-2015"
"218","DFW","LAX","21-10-2014"
"219","DFW","LAX","13-07-2014"
"220","DFW","LAX","08-03-2015"
"221","DFW","LAX","14-05-2015"
"222","DFW","LAX","03-02-2015"
"223","DFW","LAX","25-12-2014"
"224","DFW","LHR","08-03-2015"
"225","DFW","LHR","21-09-2014"
"226","DFW","LHR","25-07-2014"
"227","DFW","LHR","06-08-2014"
"228","DFW","LHR","06-11-2014"
"229","DFW","LHR","21-03-2015"
"230","DFW","LHR","17-03-2015"
"231","DFW","LUV","28-10-2014"
"232","DFW","LUV","29-11-2014"
"233","DFW","LUV","29-10-2014"
"234","DFW","LUV","08-06-2015"
"235","DFW","LUV","27-02-2015"
"236","DFW","LUV","22-09-2014"
"237","DFW","LUV","07-11-2014"
"238","DFW","LUV","14-05-2015"
"239","DFW","LUV","04-02-2015"
"241","DFW","LUV","09-05-2015"
"242","DFW","LUV","04-10-2014"
"243","DFW","LUV","01-05-2015"
"244","DFW","LUV","22-01-2015"
"245","DFW","LUV","28-07-2014"
"246","DFW","LUV","17-02-2015"
"248","DFW","MAD","20-02-2015"
"249","DFW","MAD","17-12-2014"
"250","DFW","MAD","12-10-2014"
"251","DFW","MAD","21-08-2014"
"252","DFW","MAD","08-10-2014"
"253","DFW","MAD","08-05-2015"
"254","DFW","MAD","15-05-2015"
"255","DFW","MAD","30-12-2014"
"256","DFW","MAD","13-11-2014"
"257","DFW","MAD","04-04-2015"
"258","DFW","MAD","21-02-2015"
"259","DFW","MAD","16-03-2015"
"260","DFW","MAD","09-04-2015"
"261","DFW","MAD","22-07-2014"
"262","DFW","MAD","11-10-2014"
"263","DFW","MAD","08-11-2014"
"264","DFW","MAD","01-02-2015"
"265","DFW","MAD","10-09-2014"
"266","DFW","MAD","28-08-2014"
"267","DFW","MAD","22-10-2014"
"268","DFW","MAD","20-03-2015"
"270","DFW","MUM","15-01-2015"
"271","DFW","MUM","17-05-2015"
"272","DFW","MUM","04-09-2014"
"273","DFW","MUM","04-04-2015"
"274","DFW","MUM","12-03-2015"
"275","DFW","MUM","22-06-2015"
"276","DFW","MUM","02-09-2014"
"277","DFW","MUM","27-07-2014"
"278","DFW","MUM","08-10-2014"
"279","DFW","MUM","07-01-2015"
"280","DFW","MUM","13-07-2014"
"281","DFW","MUM","02-01-2015"
"282","DFW","MUM","07-09-2014"
"283","DFW","MUM","14-11-2014"
"284","DFW","MUM","27-10-2014"
"285","DFW","MUM","13-04-2015"
"286","DFW","MUM","24-12-2014"
"287","DFW","MUM","19-01-2015"
"288","DFW","MUM","12-01-2015"
"289","DFW","MUM","08-07-2014"
"290","DFW","MUM","11-03-2015"
"292","DFW","MUM","13-02-2015"
"293","DFW","NDL","12-12-2014"
"294","DFW","NDL","12-08-2014"
"295","DFW","NDL","10-08-2014"
"296","DFW","NDL","16-01-2015"
"297","DFW","NDL","09-07-2014"
"298","DFW","NDL","04-02-2015"
"299","DFW","NDL","18-11-2014"
"301","DFW","NDL","04-09-2014"
"302","DFW","NDL","14-07-2014"
"303","DFW","NDL","26-07-2014"
"304","DUB","BLR","24-12-2014"
"305","DUB","BLR","13-11-2014"
"306","DUB","BLR","05-10-2014"
"307","DUB","BLR","25-03-2015"
"308","DUB","BLR","22-05-2015"
"309","DUB","BLR","11-08-2014"
"310","DUB","BLR","15-02-2015"
"311","DUB","BLR","15-06-2015"
"312","DUB","BLR","09-01-2015"
"313","DUB","BLR","18-08-2014"
"314","DUB","DFW","04-12-2014"
"315","DUB","DFW","23-11-2014"
"316","DUB","DFW","05-04-2015"
"317","DUB","DFW","06-02-2015"
"318","DUB","DFW","09-11-2014"
"319","DUB","DFW","25-12-2014"
"320","DUB","DFW","09-09-2014"
"321","DUB","DFW","27-12-2014"
"322","DUB","DFW","01-05-2015"
"323","DUB","DFW","04-10-2014"
"324","DUB","DFW","29-08-2014"
"325","DUB","DFW","06-03-2015"
"326","DUB","DFW","01-11-2014"
"327","DUB","DFW","08-12-2014"
"328","DUB","DFW","28-02-2015"
"329","DUB","DFW","30-04-2015"
"330","DUB","DFW","08-05-2015"
"350","DUB","JFK","05-08-2014"
"351","DUB","JFK","02-03-2015"
"352","DUB","JFK","15-08-2014"
"353","DUB","JFK","26-08-2014"
"354","DUB","JFK","17-07-2014"
"355","DUB","JFK","10-01-2015"
"356","DUB","JFK","14-03-2015"
"357","DUB","JFK","28-01-2015"
"358","DUB","JFK","30-08-2014"
"359","DUB","JFK","08-02-2015"
"360","DUB","JFK","09-06-2015"
"361","DUB","JFK","09-05-2015"
"362","DUB","LAX","04-02-2015"
"363","DUB","LAX","09-12-2014"
"364","DUB","LAX","26-09-2014"
"365","DUB","LAX","28-11-2014"
"366","DUB","LAX","26-08-2014"
"367","DUB","LAX","27-07-2014"
"368","DUB","LAX","24-03-2015"
"369","DUB","LAX","16-06-2015"
"370","DUB","LAX","02-03-2015"
"371","DUB","LAX","13-03-2015"
"372","DUB","LAX","10-04-2015"
"373","DUB","LAX","12-02-2015"
"374","DUB","LAX","07-02-2015"
"375","DUB","LAX","02-01-2015"
"376","DUB","LHR","01-01-2015"
"377","DUB","LHR","05-01-2015"
"378","DUB","LHR","04-01-2015"
"379","DUB","LHR","08-02-2015"
"380","DUB","LHR","30-03-2015"
"381","DUB","LHR","21-06-2015"
"382","DUB","LHR","15-09-2014"
"383","DUB","LHR","29-05-2015"
"384","DUB","LHR","05-09-2014"
"385","DUB","LHR","08-10-2014"
"386","DUB","LHR","15-10-2014"
"387","DUB","LHR","10-08-2014"
"388","DUB","LHR","07-10-2014"
"389","DUB","LHR","14-02-2015"
"390","DUB","LHR","15-08-2014"
"391","DUB","LUV","26-05-2015"
"392","DUB","LUV","03-02-2015"
"393","DUB","LUV","23-06-2015"
"394","DUB","LUV","14-09-2014"
"395","DUB","LUV","12-06-2015"
"396","DUB","LUV","05-08-2014"
"397","DUB","LUV","11-06-2015"
"398","DUB","LUV","13-09-2014"
"399","DUB","LUV","01-01-2015"
"400","DUB","LUV","20-08-2014"
"401","DUB","LUV","07-03-2015"
"402","DUB","LUV","20-10-2014"
"403","DUB","LUV","20-02-2015"
"404","DUB","MAD","16-06-2015"
"405","DUB","MAD","01-04-2015"
"406","DUB","MAD","22-08-2014"
"407","DUB","MAD","13-10-2014"
"408","DUB","MAD","20-08-2014"
"409","DUB","MAD","04-04-2015"
"410","DUB","MAD","28-07-2014"
"411","DUB","MAD","05-05-2015"
"412","DUB","MAD","17-11-2014"
"413","DUB","MAD","02-01-2015"
"414","DUB","MAD","06-01-2015"
"415","DUB","MAD","02-04-2015"
"416","DUB","MAD","10-04-2015"
"417","DUB","MAD","15-10-2014"
"418","DUB","MUM","30-08-2014"
"419","DUB","MUM","06-05-2015"
"420","DUB","MUM","23-06-2015"
"421","DUB","MUM","22-03-2015"
"422","DUB","MUM","09-05-2015"
"423","DUB","MUM","13-08-2014"
"424","DUB","MUM","22-08-2014"
"425","DUB","MUM","08-05-2015"
"426","DUB","MUM","12-06-2015"
"427","DUB","MUM","04-03-2015"
"428","DUB","NDL","10-05-2015"
"429","DUB","NDL","23-12-2014"
"430","DUB","NDL","14-03-2015"
"431","DUB","NDL","06-01-2015"
"432","DUB","NDL","19-01-2015"
"433","DUB","NDL","16-02-2015"
"434","DUB","NDL","08-11-2014"
"435","DUB","NDL","25-08-2014"
"436","DUB","NDL","21-10-2014"
"437","DUB","NDL","01-01-2015"
"438","DUB","NDL","26-09-2014"
"439","DUB","NDL","11-11-2014"
"440","DUB","NDL","08-03-2015"
"441","DUB","NDL","20-11-2014"
"442","DUB","NDL","06-10-2014"
"443","JFK","BLR","27-07-2014"
"444","JFK","BLR","04-06-2015"
"445","JFK","BLR","20-11-2014"
"446","JFK","BLR","05-12-2014"
"447","JFK","BLR","21-02-2015"
"448","JFK","BLR","29-08-2014"
"449","JFK","BLR","17-04-2015"
"450","JFK","BLR","07-08-2014"
"451","JFK","BLR","07-06-2015"
"452","JFK","BLR","10-10-2014"
"453","JFK","BLR","22-02-2015"
"454","JFK","BLR","21-12-2014"
"455","JFK","BLR","03-03-2015"
"456","JFK","BLR","18-05-2015"
"457","JFK","BLR","01-11-2014"
"458","JFK","BLR","02-03-2015"
"459","JFK","BLR","28-04-2015"
"460","JFK","BLR","21-05-2015"
"461","JFK","BLR","07-07-2014"
"462","JFK","DFW","29-09-2014"
"463","JFK","DFW","27-02-2015"
"464","JFK","DFW","21-04-2015"
"465","JFK","DFW","20-10-2014"
"466","JFK","DFW","05-10-2014"
"467","JFK","DFW","02-08-2014"
"468","JFK","DFW","07-04-2015"
"469","JFK","DFW","13-11-2014"
"470","JFK","DFW","20-02-2015"
"471","JFK","DFW","24-08-2014"
"472","JFK","DFW","25-07-2014"
"473","JFK","DFW","18-11-2014"
"474","JFK","DFW","25-04-2015"
"475","JFK","DFW","28-04-2015"
"476","JFK","DFW","29-11-2014"
"477","JFK","DFW","30-01-2015"
"478","JFK","DFW","04-09-2014"
"479","JFK","DFW","19-11-2014"
"480","JFK","DFW","23-12-2014"
"481","JFK","DFW","26-03-2015"
"482","JFK","DFW","31-03-2015"
"483","JFK","DUB","11-01-2015"
"484","JFK","DUB","28-11-2014"
"485","JFK","DUB","20-12-2014"
"486","JFK","DUB","12-03-2015"
"487","JFK","DUB","02-06-2015"
"488","JFK","DUB","09-08-2014"
"489","JFK","DUB","18-02-2015"
"490","JFK","DUB","30-08-2014"
"491","JFK","DUB","01-10-2014"
"492","JFK","DUB","03-02-2015"
"493","JFK","DUB","02-04-2015"
"494","JFK","DUB","26-02-2015"
"495","JFK","DUB","26-07-2014"
"496","JFK","DUB","24-08-2014"
"497","JFK","DUB","06-04-2015"
"498","JFK","DUB","03-05-2015"
"500","JFK","DUB","22-10-2014"
"501","JFK","DUB","05-06-2015"
"516","JFK","LAX","09-07-2014"
"517","JFK","LAX","13-09-2014"
"518","JFK","LAX","19-02-2015"
"519","JFK","LAX","06-07-2014"
"520","JFK","LAX","30-04-2015"
"521","JFK","LAX","09-09-2014"
"522","JFK","LAX","04-11-2014"
"523","JFK","LAX","27-11-2014"
"524","JFK","LAX","30-07-2014"
"525","JFK","LAX","15-01-2015"
"526","JFK","LAX","28-08-2014"
"527","JFK","LAX","27-01-2015"
"528","JFK","LAX","09-03-2015"
"529","JFK","LAX","30-12-2014"
"530","JFK","LAX","17-06-2015"
"531","JFK","LHR","15-02-2015"
"532","JFK","LHR","14-12-2014"
"533","JFK","LHR","10-04-2015"
"534","JFK","LHR","07-03-2015"
"535","JFK","LHR","06-08-2014"
"536","JFK","LHR","05-06-2015"
"537","JFK","LHR","29-11-2014"
"538","JFK","LHR","11-02-2015"
"539","JFK","LHR","12-01-2015"
"540","JFK","LHR","27-12-2014"
"541","JFK","LHR","23-01-2015"
"542","JFK","LHR","31-12-2014"
"543","JFK","LHR","06-12-2014"
"544","JFK","LHR","21-04-2015"
"545","JFK","LHR","06-05-2015"
"546","JFK","LHR","10-07-2014"
"548","JFK","LHR","10-12-2014"
"549","JFK","LUV","21-03-2015"
"550","JFK","LUV","07-11-2014"
"551","JFK","LUV","26-10-2014"
"552","JFK","LUV","10-11-2014"
"553","JFK","LUV","18-02-2015"
"554","JFK","LUV","29-11-2014"
"555","JFK","LUV","28-05-2015"
"556","JFK","LUV","14-01-2015"
"557","JFK","LUV","20-07-2014"
"558","JFK","LUV","09-02-2015"
"559","JFK","LUV","17-01-2015"
"560","JFK","LUV","26-04-2015"
"561","JFK","LUV","17-04-2015"
"562","JFK","LUV","14-09-2014"
"563","JFK","LUV","13-12-2014"
"564","JFK","LUV","02-01-2015"
"565","JFK","MAD","28-11-2014"
"566","JFK","MAD","16-03-2015"
"567","JFK","MAD","30-10-2014"
"568","JFK","MAD","09-09-2014"
"569","JFK","MAD","24-08-2014"
"570","JFK","MAD","20-07-2014"
"571","JFK","MAD","23-10-2014"
"572","JFK","MAD","09-02-2015"
"573","JFK","MAD","06-01-2015"
"574","JFK","MAD","11-05-2015"
"575","JFK","MAD","15-07-2014"
"576","JFK","MAD","05-01-2015"
"577","JFK","MAD","15-06-2015"
"578","JFK","MUM","18-11-2014"
"579","JFK","MUM","16-01-2015"
"580","JFK","MUM","29-10-2014"
"581","JFK","MUM","23-02-2015"
"582","JFK","MUM","14-08-2014"
"583","JFK","MUM","23-08-2014"
"584","JFK","MUM","09-01-2015"
"585","JFK","MUM","19-11-2014"
"586","JFK","MUM","20-03-2015"
"587","JFK","MUM","03-10-2014"
"588","JFK","MUM","01-04-2015"
"589","JFK","MUM","31-08-2014"
"590","JFK","NDL","03-03-2015"
"591","JFK","NDL","05-10-2014"
"592","JFK","NDL","22-10-2014"
"593","JFK","NDL","04-09-2014"
"594","JFK","NDL","11-02-2015"
"595","JFK","NDL","13-01-2015"
"596","JFK","NDL","15-07-2014"
"597","JFK","NDL","13-12-2014"
"598","JFK","NDL","19-10-2014"
"599","JFK","NDL","28-10-2014"
"600","JFK","NDL","06-08-2014"
"601","JFK","NDL","02-09-2014"
"602","JFK","NDL","28-03-2015"
"603","JFK","NDL","31-08-2014"
"605","JFK","NDL","16-06-2015"
"606","JFK","NDL","08-04-2015"
"607","JFK","NDL","05-09-2014"
"608","JFK","NDL","19-05-2015"
"610","JFK","NDL","07-04-2015"
"611","LAX","BLR","25-01-2015"
"612","LAX","BLR","07-03-2015"
"613","LAX","BLR","22-06-2015"
"614","LAX","BLR","05-11-2014"
"615","LAX","BLR","29-07-2014"
"616","LAX","BLR","30-10-2014"
"618","LAX","BLR","06-09-2014"
"619","LAX","BLR","10-06-2015"
"620","LAX","BLR","28-11-2014"
"621","LAX","BLR","29-11-2014"
"622","LAX","BLR","29-03-2015"
"623","LAX","DFW","30-08-2014"
"624","LAX","DFW","28-09-2014"
"625","LAX","DFW","18-08-2014"
"626","LAX","DFW","03-09-2014"
"627","LAX","DFW","30-12-2014"
"628","LAX","DFW","03-07-2014"
"629","LAX","DFW","31-03-2015"
"630","LAX","DFW","08-07-2014"
"631","LAX","DFW","14-12-2014"
"632","LAX","DFW","14-02-2015"
"633","LAX","DFW","27-12-2014"
"634","LAX","DFW","17-01-2015"
"635","LAX","DFW","14-04-2015"
"636","LAX","DFW","15-06-2015"
"637","LAX","DFW","19-05-2015"
"638","LAX","DFW","25-07-2014"
"639","LAX","DFW","03-02-2015"
"640","LAX","DUB","10-07-2014"
"641","LAX","DUB","22-05-2015"
"642","LAX","DUB","15-12-2014"
"643","LAX","DUB","21-11-2014"
"644","LAX","DUB","20-02-2015"
"645","LAX","DUB","29-12-2014"
"646","LAX","DUB","08-10-2014"
"647","LAX","DUB","18-10-2014"
"648","LAX","DUB","22-08-2014"
"649","LAX","DUB","01-04-2015"
"650","LAX","DUB","02-09-2014"
"651","LAX","DUB","02-12-2014"
"652","LAX","DUB","11-08-2014"
"653","LAX","DUB","03-03-2015"
"654","LAX","JFK","24-02-2015"
"655","LAX","JFK","31-07-2014"
"656","LAX","JFK","22-05-2015"
"657","LAX","JFK","06-08-2014"
"658","LAX","JFK","19-12-2014"
"659","LAX","JFK","26-07-2014"
"660","LAX","JFK","29-04-2015"
"661","LAX","JFK","17-11-2014"
"662","LAX","JFK","08-09-2014"
"663","LAX","JFK","24-03-2015"
"664","LAX","JFK","04-12-2014"
"665","LAX","JFK","18-01-2015"
"666","LAX","JFK","07-05-2015"
"667","LAX","JFK","13-09-2014"
"668","LAX","JFK","19-06-2015"
"669","LAX","JFK","28-12-2014"
"670","LAX","JFK","22-03-2015"
"682","LAX","LHR","21-12-2014"
"683","LAX","LHR","12-01-2015"
"684","LAX","LHR","29-12-2014"
"685","LAX","LHR","25-01-2015"
"686","LAX","LHR","15-10-2014"
"687","LAX","LHR","07-02-2015"
"688","LAX","LHR","12-04-2015"
"689","LAX","LHR","16-12-2014"
"690","LAX","LHR","22-01-2015"
"691","LAX","LUV","20-03-2015"
"692","LAX","LUV","11-04-2015"
"693","LAX","LUV","09-09-2014"
"694","LAX","LUV","06-08-2014"
"695","LAX","LUV","15-09-2014"
"696","LAX","LUV","01-08-2014"
"697","LAX","LUV","09-08-2014"
"698","LAX","LUV","04-06-2015"
"699","LAX","LUV","30-03-2015"
"700","LAX","LUV","19-06-2015"
"701","LAX","LUV","01-05-2015"
"702","LAX","LUV","10-07-2014"
"703","LAX","LUV","08-07-2014"
"704","LAX","LUV","18-02-2015"
"705","LAX","MAD","30-05-2015"
"706","LAX","MAD","01-05-2015"
"707","LAX","MAD","27-04-2015"
"708","LAX","MAD","24-07-2014"
"709","LAX","MAD","26-12-2014"
"710","LAX","MAD","01-01-2015"
"711","LAX","MAD","02-05-2015"
"712","LAX","MAD","24-10-2014"
"713","LAX","MAD","20-08-2014"
"714","LAX","MAD","30-08-2014"
"715","LAX","MAD","28-05-2015"
"716","LAX","MAD","25-12-2014"
"717","LAX","MAD","22-12-2014"
"718","LAX","MAD","07-02-2015"
"719","LAX","MUM","24-08-2014"
"720","LAX","MUM","24-07-2014"
"721","LAX","MUM","06-05-2015"
"722","LAX","MUM","18-05-2015"
"723","LAX","MUM","12-10-2014"
"724","LAX","MUM","01-03-2015"
"725","LAX","MUM","31-10-2014"
"726","LAX","MUM","08-06-2015"
"727","LAX","MUM","05-08-2014"
"728","LAX","NDL","07-02-2015"
"729","LAX","NDL","29-10-2014"
"730","LAX","NDL","14-08-2014"
"731","LAX","NDL","19-04-2015"
"732","LAX","NDL","26-03-2015"
"733","LAX","NDL","21-11-2014"
"734","LHR","BLR","22-02-2015"
"735","LHR","BLR","19-02-2015"
"736","LHR","BLR","05-07-2014"
"737","LHR","BLR","25-11-2014"
"738","LHR","BLR","18-04-2015"
"739","LHR","BLR","17-07-2014"
"740","LHR","BLR","15-12-2014"
"741","LHR","BLR","27-12-2014"
"742","LHR","BLR","09-10-2014"
"743","LHR","BLR","11-08-2014"
"744","LHR","BLR","04-02-2015"
"745","LHR","BLR","14-06-2015"
"746","LHR","BLR","07-07-2014"
"747","LHR","BLR","26-04-2015"
"748","LHR","DFW","17-10-2014"
"749","LHR","DFW","24-03-2015"
"750","LHR","DFW","18-01-2015"
"751","LHR","DFW","14-04-2015"
"752","LHR","DFW","22-12-2014"
"753","LHR","DFW","13-10-2014"
"754","LHR","DFW","05-04-2015"
"755","LHR","DFW","08-10-2014"
"757","LHR","DFW","19-10-2014"
"758","LHR","DFW","01-12-2014"
"759","LHR","DFW","30-08-2014"
"760","LHR","DFW","05-02-2015"
"761","LHR","DFW","04-01-2015"
"762","LHR","DUB","18-09-2014"
"763","LHR","DUB","28-01-2015"
"764","LHR","DUB","18-04-2015"
"765","LHR","DUB","08-08-2014"
"766","LHR","DUB","30-12-2014"
"767","LHR","DUB","24-05-2015"
"768","LHR","DUB","27-09-2014"
"769","LHR","DUB","10-10-2014"
"770","LHR","DUB","12-01-2015"
"771","LHR","DUB","23-08-2014"
"772","LHR","DUB","13-10-2014"
"773","LHR","DUB","12-12-2014"
"774","LHR","DUB","01-04-2015"
"775","LHR","DUB","03-04-2015"
"776","LHR","DUB","11-04-2015"
"778","LHR","DUB","21-11-2014"
"779","LHR","JFK","04-10-2014"
"780","LHR","JFK","11-11-2014"
"781","LHR","JFK","11-07-2014"
"782","LHR","JFK","06-08-2014"
"783","LHR","JFK","05-07-2014"
"784","LHR","JFK","02-05-2015"
"785","LHR","JFK","29-01-2015"
"786","LHR","JFK","30-03-2015"
"787","LHR","JFK","20-01-2015"
"788","LHR","JFK","29-04-2015"
"789","LHR","JFK","06-04-2015"
"790","LHR","JFK","12-02-2015"
"791","LHR","JFK","07-04-2015"
"792","LHR","JFK","25-10-2014"
"793","LHR","JFK","14-02-2015"
"795","LHR","JFK","04-11-2014"
"796","LHR","JFK","30-01-2015"
"797","LHR","JFK","09-10-2014"
"798","LHR","LAX","19-07-2014"
"799","LHR","LAX","05-12-2014"
"800","LHR","LAX","26-08-2014"
"801","LHR","LAX","26-10-2014"
"802","LHR","LAX","13-12-2014"
"803","LHR","LAX","18-05-2015"
"804","LHR","LAX","25-08-2014"
"805","LHR","LAX","03-12-2014"
"806","LHR","LAX","14-09-2014"
"807","LHR","LAX","04-02-2015"
"808","LHR","LAX","03-08-2014"
"835","LHR","LUV","23-10-2014"
"836","LHR","LUV","12-09-2014"
"837","LHR","LUV","23-11-2014"
"838","LHR","LUV","05-01-2015"
"839","LHR","LUV","01-05-2015"
"840","LHR","LUV","11-03-2015"
"841","LHR","LUV","02-04-2015"
"842","LHR","LUV","21-11-2014"
"843","LHR","LUV","03-10-2014"
"844","LHR","LUV","17-08-2014"
"845","LHR","LUV","15-08-2014"
"846","LHR","MAD","31-07-2014"
"847","LHR","MAD","13-02-2015"
"848","LHR","MAD","09-11-2014"
"849","LHR","MAD","28-05-2015"
"850","LHR","MAD","20-09-2014"
"851","LHR","MAD","13-07-2014"
"852","LHR","MAD","22-05-2015"
"853","LHR","MAD","22-02-2015"
"854","LHR","MAD","06-03-2015"
"855","LHR","MAD","22-07-2014"
"856","LHR","MAD","03-05-2015"
"858","LHR","MAD","18-12-2014"
"859","LHR","MAD","01-09-2014"
"860","LHR","MAD","09-04-2015"
"861","LHR","MAD","26-02-2015"
"862","LHR","MAD","29-08-2014"
"864","LHR","MAD","21-02-2015"
"865","LHR","MUM","08-01-2015"
"866","LHR","MUM","12-03-2015"
"867","LHR","MUM","01-01-2015"
"868","LHR","MUM","17-11-2014"
"869","LHR","MUM","20-04-2015"
"870","LHR","MUM","01-02-2015"
"871","LHR","MUM","11-06-2015"
"872","LHR","MUM","21-09-2014"
"873","LHR","MUM","24-02-2015"
"874","LHR","MUM","27-02-2015"
"875","LHR","MUM","23-07-2014"
"876","LHR","MUM","07-01-2015"
"877","LHR","MUM","04-09-2014"
"878","LHR","MUM","17-05-2015"
"879","LHR","NDL","02-06-2015"
"880","LHR","NDL","23-08-2014"
"881","LHR","NDL","13-11-2014"
"882","LHR","NDL","25-02-2015"
"883","LHR","NDL","04-10-2014"
"884","LHR","NDL","23-01-2015"
"885","LHR","NDL","17-08-2014"
"886","LHR","NDL","04-04-2015"
"887","LHR","NDL","09-11-2014"
"888","LHR","NDL","10-02-2015"
"889","LHR","NDL","22-01-2015"
"890","LHR","NDL","02-05-2015"
"891","LHR","NDL","09-09-2014"
"892","LHR","NDL","26-01-2015"
"893","LHR","NDL","08-12-2014"
"894","LHR","NDL","01-04-2015"
"895","LHR","NDL","28-03-2015"
"896","LHR","NDL","28-10-2014"
"897","LHR","NDL","22-10-2014"
"898","LHR","NDL","06-04-2015"
"899","LHR","NDL","29-05-2015"
"900","LHR","NDL","03-10-2014"
"901","LHR","NDL","21-07-2014"
"902","LUV","BLR","09-11-2014"
"903","LUV","BLR","16-06-2015"
"904","LUV","BLR","30-03-2015"
"905","LUV","BLR","20-02-2015"
"906","LUV","BLR","11-10-2014"
"907","LUV","BLR","24-07-2014"
"908","LUV","BLR","08-03-2015"
"909","LUV","BLR","11-03-2015"
"910","LUV","BLR","07-12-2014"
"911","LUV","BLR","05-02-2015"
"912","LUV","BLR","14-10-2014"
"913","LUV","BLR","15-01-2015"
"914","LUV","BLR","08-08-2014"
"915","LUV","BLR","20-09-2014"
"916","LUV","BLR","02-03-2015"
"917","LUV","BLR","06-11-2014"
"918","LUV","BLR","08-07-2014"
"919","LUV","DFW","26-01-2015"
"920","LUV","DFW","28-10-2014"
"921","LUV","DFW","21-02-2015"
"922","LUV","DFW","19-06-2015"
"923","LUV","DFW","01-11-2014"
"924","LUV","DFW","21-03-2015"
"925","LUV","DFW","21-09-2014"
"926","LUV","DFW","03-08-2014"
"927","LUV","DFW","20-07-2014"
"928","LUV","DFW","13-05-2015"
"929","LUV","DFW","31-03-2015"
"930","LUV","DFW","22-09-2014"
"931","LUV","DFW","20-05-2015"
"932","LUV","DUB","21-10-2014"
"933","LUV","DUB","18-03-2015"
"934","LUV","DUB","28-05-2015"
"935","LUV","DUB","24-09-2014"
"936","LUV","DUB","23-08-2014"
"937","LUV","DUB","17-09-2014"
"938","LUV","DUB","10-02-2015"
"939","LUV","DUB","03-09-2014"
"940","LUV","DUB","16-09-2014"
"941","LUV","DUB","27-12-2014"
"942","LUV","DUB","24-11-2014"
"943","LUV","DUB","05-03-2015"
"944","LUV","DUB","26-11-2014"
"945","LUV","DUB","26-12-2014"
"946","LUV","DUB","02-04-2015"
"947","LUV","DUB","16-12-2014"
"948","LUV","DUB","04-03-2015"
"949","LUV","DUB","23-05-2015"
"951","LUV","JFK","05-04-2015"
"952","LUV","JFK","12-06-2015"
"953","LUV","JFK","29-04-2015"
"954","LUV","JFK","15-03-2015"
"955","LUV","JFK","04-02-2015"
"956","LUV","JFK","25-10-2014"
"957","LUV","JFK","19-05-2015"
"958","LUV","JFK","29-12-2014"
"959","LUV","JFK","22-09-2014"
"960","LUV","LAX","12-10-2014"
"961","LUV","LAX","13-03-2015"
"962","LUV","LAX","10-07-2014"
"963","LUV","LAX","09-08-2014"
"964","LUV","LAX","20-12-2014"
"965","LUV","LAX","01-03-2015"
"966","LUV","LAX","19-10-2014"
"967","LUV","LAX","20-10-2014"
"968","LUV","LAX","05-01-2015"
"969","LUV","LAX","30-04-2015"
"970","LUV","LAX","03-11-2014"
"971","LUV","LHR","22-03-2015"
"972","LUV","LHR","06-03-2015"
"973","LUV","LHR","28-01-2015"
"974","LUV","LHR","16-02-2015"
"975","LUV","LHR","03-03-2015"
"976","LUV","LHR","04-08-2014"
"977","LUV","LHR","10-08-2014"
"978","LUV","LHR","22-04-2015"
"1002","LUV","MAD","23-04-2015"
"1003","LUV","MAD","19-02-2015"
"1004","LUV","MAD","10-05-2015"
"1005","LUV","MAD","14-11-2014"
"1006","LUV","MAD","04-08-2014"
"1009","LUV","MAD","26-10-2014"
"1010","LUV","MAD","20-12-2014"
"1011","LUV","MAD","17-02-2015"
"1012","LUV","MAD","29-09-2014"
"1013","LUV","MAD","18-04-2015"
"1014","LUV","MAD","31-08-2014"
"1015","LUV","MAD","16-10-2014"
"1017","LUV","MAD","28-09-2014"
"1018","LUV","MAD","24-03-2015"
"1019","LUV","MAD","23-12-2014"
"1020","LUV","MAD","01-05-2015"
"1021","LUV","MAD","26-01-2015"
"1022","LUV","MAD","22-02-2015"
"1023","LUV","MAD","19-12-2014"
"1024","LUV","MAD","28-07-2014"
"1025","LUV","MUM","02-08-2014"
"1026","LUV","MUM","11-09-2014"
"1027","LUV","MUM","18-05-2015"
"1028","LUV","MUM","20-02-2015"
"1029","LUV","MUM","27-01-2015"
"1030","LUV","MUM","07-04-2015"
"1031","LUV","MUM","15-02-2015"
"1032","LUV","MUM","14-09-2014"
"1033","LUV","MUM","25-10-2014"
"1034","LUV","MUM","26-04-2015"
"1035","LUV","MUM","30-05-2015"
"1036","LUV","MUM","27-03-2015"
"1037","LUV","MUM","19-09-2014"
"1038","LUV","MUM","06-02-2015"
"1039","LUV","MUM","25-11-2014"
"1040","LUV","NDL","14-07-2014"
"1041","LUV","NDL","24-02-2015"
"1042","LUV","NDL","21-01-2015"
"1043","LUV","NDL","20-01-2015"
"1044","LUV","NDL","26-04-2015"
"1045","LUV","NDL","17-07-2014"
"1046","LUV","NDL","14-08-2014"
"1047","LUV","NDL","11-01-2015"
"1048","LUV","NDL","12-11-2014"
"1049","LUV","NDL","22-07-2014"
"1050","MAD","BLR","08-01-2015"
"1051","MAD","BLR","25-11-2014"
"1052","MAD","BLR","26-10-2014"
"1053","MAD","BLR","10-04-2015"
"1054","MAD","BLR","28-07-2014"
"1055","MAD","BLR","11-05-2015"
"1056","MAD","BLR","14-03-2015"
"1057","MAD","BLR","01-12-2014"
"1058","MAD","BLR","20-05-2015"
"1059","MAD","BLR","10-11-2014"
"1060","MAD","BLR","31-07-2014"
"1061","MAD","BLR","16-09-2014"
"1062","MAD","BLR","11-08-2014"
"1063","MAD","BLR","26-01-2015"
"1064","MAD","BLR","28-12-2014"
"1065","MAD","BLR","19-02-2015"
"1066","MAD","BLR","13-03-2015"
"1067","MAD","BLR","12-11-2014"
"1068","MAD","BLR","06-10-2014"
"1069","MAD","DFW","24-10-2014"
"1070","MAD","DFW","20-03-2015"
"1071","MAD","DFW","28-08-2014"
"1072","MAD","DFW","03-02-2015"
"1073","MAD","DFW","19-11-2014"
"1074","MAD","DFW","01-12-2014"
"1075","MAD","DFW","17-10-2014"
"1076","MAD","DFW","29-08-2014"
"1077","MAD","DFW","31-01-2015"
"1078","MAD","DFW","04-12-2014"
"1079","MAD","DFW","29-05-2015"
"1080","MAD","DFW","04-01-2015"
"1081","MAD","DFW","01-10-2014"
"1082","MAD","DFW","06-06-2015"
"1083","MAD","DFW","29-04-2015"
"1084","MAD","DFW","16-05-2015"
"1085","MAD","DFW","07-07-2014"
"1086","MAD","DFW","05-10-2014"
"1087","MAD","DUB","28-05-2015"
"1088","MAD","DUB","23-12-2014"
"1089","MAD","DUB","17-10-2014"
"1090","MAD","DUB","28-04-2015"
"1091","MAD","DUB","20-04-2015"
"1092","MAD","DUB","06-09-2014"
"1093","MAD","DUB","15-06-2015"
"1094","MAD","DUB","05-10-2014"
"1095","MAD","DUB","06-10-2014"
"1096","MAD","DUB","12-12-2014"
"1097","MAD","DUB","09-11-2014"
"1098","MAD","DUB","23-02-2015"
"1099","MAD","DUB","23-11-2014"
"1100","MAD","DUB","16-06-2015"
"1101","MAD","DUB","11-08-2014"
"1103","MAD","DUB","19-05-2015"
"1104","MAD","DUB","05-07-2014"
"1105","MAD","DUB","27-09-2014"
"1106","MAD","DUB","08-03-2015"
"1107","MAD","DUB","23-08-2014"
"1108","MAD","DUB","21-04-2015"
"1109","MAD","JFK","21-03-2015"
"1110","MAD","JFK","13-08-2014"
"1111","MAD","JFK","05-06-2015"
"1112","MAD","JFK","08-06-2015"
"1113","MAD","JFK","05-03-2015"
"1114","MAD","JFK","16-02-2015"
"1115","MAD","JFK","15-01-2015"
"1116","MAD","JFK","02-02-2015"
"1117","MAD","JFK","29-07-2014"
"1118","MAD","JFK","03-02-2015"
"1119","MAD","JFK","25-04-2015"
"1120","MAD","JFK","17-01-2015"
"1121","MAD","JFK","30-05-2015"
"1122","MAD","JFK","30-01-2015"
"1123","MAD","JFK","02-11-2014"
"1124","MAD","JFK","07-08-2014"
"1125","MAD","LAX","19-03-2015"
"1126","MAD","LAX","16-01-2015"
"1127","MAD","LAX","07-03-2015"
"1128","MAD","LAX","11-05-2015"
"1129","MAD","LAX","10-03-2015"
"1130","MAD","LAX","12-12-2014"
"1131","MAD","LAX","22-07-2014"
"1132","MAD","LAX","10-12-2014"
"1133","MAD","LAX","29-07-2014"
"1134","MAD","LAX","13-04-2015"
"1135","MAD","LHR","10-02-2015"
"1136","MAD","LHR","04-03-2015"
"1137","MAD","LHR","09-07-2014"
"1138","MAD","LHR","15-05-2015"
"1139","MAD","LHR","29-05-2015"
"1140","MAD","LHR","25-02-2015"
"1141","MAD","LHR","22-02-2015"
"1142","MAD","LHR","01-09-2014"
"1143","MAD","LHR","19-04-2015"
"1144","MAD","LHR","15-09-2014"
"1145","MAD","LHR","19-11-2014"
"1146","MAD","LHR","31-07-2014"
"1147","MAD","LHR","15-12-2014"
"1148","MAD","LUV","11-04-2015"
"1149","MAD","LUV","10-02-2015"
"1150","MAD","LUV","06-07-2014"
"1151","MAD","LUV","25-11-2014"
"1152","MAD","LUV","08-02-2015"
"1153","MAD","LUV","21-06-2015"
"1154","MAD","LUV","29-05-2015"
"1155","MAD","LUV","04-11-2014"
"1156","MAD","LUV","04-06-2015"
"1157","MAD","LUV","08-03-2015"
"1158","MAD","LUV","31-05-2015"
"1159","MAD","LUV","06-08-2014"
"1160","MAD","LUV","18-05-2015"
"1161","MAD","LUV","15-03-2015"
"1162","MAD","LUV","16-01-2015"
"1163","MAD","LUV","06-05-2015"
"1164","MAD","LUV","10-07-2014"
"1165","MAD","LUV","05-06-2015"
"1183","MAD","MUM","31-01-2015"
"1184","MAD","MUM","29-04-2015"
"1185","MAD","MUM","22-04-2015"
"1186","MAD","MUM","13-12-2014"
"1187","MAD","MUM","02-11-2014"
"1188","MAD","MUM","10-09-2014"
"1189","MAD","MUM","06-06-2015"
"1190","MAD","MUM","27-10-2014"
"1191","MAD","MUM","18-10-2014"
"1192","MAD","MUM","14-10-2014"
"1193","MAD","MUM","11-08-2014"
"1194","MAD","MUM","27-07-2014"
"1195","MAD","MUM","11-05-2015"
"1196","MAD","MUM","30-09-2014"
"1197","MAD","MUM","14-12-2014"
"1198","MAD","MUM","30-10-2014"
"1199","MAD","MUM","19-12-2014"
"1200","MAD","MUM","15-07-2014"
"1201","MAD","MUM","02-08-2014"
"1202","MAD","MUM","24-09-2014"
"1203","MAD","NDL","30-01-2015"
"1204","MAD","NDL","04-10-2014"
"1205","MAD","NDL","03-05-2015"
"1206","MAD","NDL","26-05-2015"
"1207","MAD","NDL","05-07-2014"
"1208","MAD","NDL","25-04-2015"
"1209","MUM","BLR","05-12-2014"
"1210","MUM","BLR","07-05-2015"
"1211","MUM","BLR","21-11-2014"
"1212","MUM","BLR","23-01-2015"
"1213","MUM","BLR","17-04-2015"
"1215","MUM","BLR","26-07-2014"
"1216","MUM","BLR","27-08-2014"
"1217","MUM","BLR","11-07-2014"
"1218","MUM","BLR","17-03-2015"
"1219","MUM","BLR","23-12-2014"
"1220","MUM","DFW","21-02-2015"
"1221","MUM","DFW","16-12-2014"
"1222","MUM","DFW","10-05-2015"
"1223","MUM","DFW","22-05-2015"
"1224","MUM","DFW","20-05-2015"
"1225","MUM","DFW","28-08-2014"
"1226","MUM","DFW","19-08-2014"
"1227","MUM","DFW","29-07-2014"
"1228","MUM","DFW","11-05-2015"
"1229","MUM","DFW","20-09-2014"
"1230","MUM","DFW","13-02-2015"
"1231","MUM","DFW","20-03-2015"
"1232","MUM","DFW","23-06-2015"
"1233","MUM","DUB","26-02-2015"
"1234","MUM","DUB","19-04-2015"
"1235","MUM","DUB","11-10-2014"
"1236","MUM","DUB","15-12-2014"
"1237","MUM","DUB","07-07-2014"
"1238","MUM","DUB","21-11-2014"
"1239","MUM","DUB","02-03-2015"
"1240","MUM","DUB","24-02-2015"
"1241","MUM","DUB","13-09-2014"
"1242","MUM","DUB","28-10-2014"
"1243","MUM","DUB","01-01-2015"
"1244","MUM","DUB","16-03-2015"
"1245","MUM","DUB","15-05-2015"
"1246","MUM","DUB","25-07-2014"
"1247","MUM","DUB","08-09-2014"
"1248","MUM","DUB","03-10-2014"
"1249","MUM","DUB","28-05-2015"
"1250","MUM","JFK","03-03-2015"
"1251","MUM","JFK","20-03-2015"
"1252","MUM","JFK","05-07-2014"
"1253","MUM","JFK","30-08-2014"
"1254","MUM","JFK","29-11-2014"
"1255","MUM","JFK","31-01-2015"
"1256","MUM","JFK","18-09-2014"
"1257","MUM","JFK","15-03-2015"
"1258","MUM","JFK","05-04-2015"
"1259","MUM","JFK","28-11-2014"
"1260","MUM","JFK","24-01-2015"
"1261","MUM","JFK","04-07-2014"
"1262","MUM","JFK","24-09-2014"
"1263","MUM","JFK","13-04-2015"
"1265","MUM","LAX","09-05-2015"
"1266","MUM","LAX","11-01-2015"
"1267","MUM","LAX","28-01-2015"
"1268","MUM","LAX","09-02-2015"
"1269","MUM","LAX","03-02-2015"
"1270","MUM","LAX","13-08-2014"
"1271","MUM","LAX","07-07-2014"
"1272","MUM","LAX","24-05-2015"
"1273","MUM","LAX","01-08-2014"
"1274","MUM","LAX","19-08-2014"
"1275","MUM","LAX","09-03-2015"
"1276","MUM","LAX","08-06-2015"
"1277","MUM","LAX","30-04-2015"
"1278","MUM","LAX","03-10-2014"
"1279","MUM","LAX","07-11-2014"
"1280","MUM","LAX","21-01-2015"
"1281","MUM","LAX","05-12-2014"
"1282","MUM","LHR","06-04-2015"
"1283","MUM","LHR","02-09-2014"
"1284","MUM","LHR","20-09-2014"
"1285","MUM","LHR","15-11-2014"
"1286","MUM","LHR","27-02-2015"
"1287","MUM","LHR","11-10-2014"
"1288","MUM","LHR","09-11-2014"
"1289","MUM","LHR","14-02-2015"
"1290","MUM","LHR","09-12-2014"
"1291","MUM","LHR","07-02-2015"
"1292","MUM","LHR","24-08-2014"
"1293","MUM","LHR","05-10-2014"
"1294","MUM","LHR","22-11-2014"
"1295","MUM","LHR","26-01-2015"
"1296","MUM","LHR","17-09-2014"
"1297","MUM","LHR","27-08-2014"
"1298","MUM","LUV","05-02-2015"
"1299","MUM","LUV","25-05-2015"
"1300","MUM","LUV","31-12-2014"
"1301","MUM","LUV","28-10-2014"
"1302","MUM","LUV","13-01-2015"
"1303","MUM","LUV","01-01-2015"
"1304","MUM","LUV","16-10-2014"
"1305","MUM","LUV","20-07-2014"
"1306","MUM","LUV","18-03-2015"
"1307","MUM","LUV","05-05-2015"
"1308","MUM","LUV","17-09-2014"
"1309","MUM","LUV","21-05-2015"
"1311","MUM","LUV","18-08-2014"
"1312","MUM","LUV","16-11-2014"
"1313","MUM","LUV","17-03-2015"
"1314","MUM","LUV","25-03-2015"
"1315","MUM","LUV","21-06-2015"
"1316","MUM","LUV","25-04-2015"
"1317","MUM","LUV","28-08-2014"
"1318","MUM","LUV","06-01-2015"
"1319","MUM","LUV","12-03-2015"
"1320","MUM","LUV","16-04-2015"
"1321","MUM","LUV","07-12-2014"
"1322","MUM","LUV","16-07-2014"
"1323","MUM","LUV","09-11-2014"
"1324","MUM","LUV","10-02-2015"
"1325","MUM","LUV","04-04-2015"
"1326","MUM","LUV","11-12-2014"
"1327","MUM","LUV","17-12-2014"
"1328","MUM","MAD","21-02-2015"
"1329","MUM","MAD","10-07-2014"
"1330","MUM","MAD","11-12-2014"
"1331","MUM","MAD","12-01-2015"
"1332","MUM","MAD","30-08-2014"
"1333","MUM","MAD","08-07-2014"
"1334","MUM","MAD","05-05-2015"
"1335","MUM","MAD","02-05-2015"
"1336","MUM","MAD","29-10-2014"
"1346","MUM","NDL","08-10-2014"
"1347","MUM","NDL","06-03-2015"
"1348","MUM","NDL","18-12-2014"
"1349","MUM","NDL","01-09-2014"
"1350","MUM","NDL","14-04-2015"
"1351","MUM","NDL","12-10-2014"
"1352","MUM","NDL","21-12-2014"
"1353","MUM","NDL","18-06-2015"
"1354","MUM","NDL","15-01-2015"
"1355","MUM","NDL","19-03-2015"
"1356","MUM","NDL","13-08-2014"
"1357","MUM","NDL","24-07-2014"
"1358","MUM","NDL","29-10-2014"
"1359","MUM","NDL","13-04-2015"
"1360","MUM","NDL","07-02-2015"
"1361","MUM","NDL","27-02-2015"
"1362","MUM","NDL","09-10-2014"
"1363","NDL","BLR","17-01-2015"
"1364","NDL","BLR","25-08-2014"
"1365","NDL","BLR","06-05-2015"
"1366","NDL","BLR","05-09-2014"
"1367","NDL","BLR","04-12-2014"
"1368","NDL","BLR","17-06-2015"
"1369","NDL","BLR","23-05-2015"
"1370","NDL","BLR","24-08-2014"
"1371","NDL","BLR","01-09-2014"
"1372","NDL","DFW","10-04-2015"
"1373","NDL","DFW","27-12-2014"
"1374","NDL","DFW","28-01-2015"
"1375","NDL","DFW","20-09-2014"
"1376","NDL","DFW","16-11-2014"
"1377","NDL","DFW","30-03-2015"
"1378","NDL","DFW","06-05-2015"
"1379","NDL","DFW","23-09-2014"
"1380","NDL","DFW","03-05-2015"
"1381","NDL","DFW","15-08-2014"
"1382","NDL","DFW","16-07-2014"
"1383","NDL","DFW","13-01-2015"
"1384","NDL","DFW","15-03-2015"
"1385","NDL","DFW","26-08-2014"
"1386","NDL","DFW","09-05-2015"
"1387","NDL","DUB","16-08-2014"
"1388","NDL","DUB","16-07-2014"
"1389","NDL","DUB","07-09-2014"
"1390","NDL","DUB","30-01-2015"
"1391","NDL","DUB","27-12-2014"
"1392","NDL","DUB","16-10-2014"
"1393","NDL","DUB","09-03-2015"
"1394","NDL","DUB","25-12-2014"
"1395","NDL","DUB","05-03-2015"
"1396","NDL","DUB","27-10-2014"
"1397","NDL","DUB","19-07-2014"
"1398","NDL","DUB","01-09-2014"
"1399","NDL","DUB","30-05-2015"
"1400","NDL","DUB","10-06-2015"
"1401","NDL","DUB","16-02-2015"
"1402","NDL","DUB","12-10-2014"
"1403","NDL","DUB","27-08-2014"
"1404","NDL","DUB","11-12-2014"
"1405","NDL","JFK","28-07-2014"
"1406","NDL","JFK","22-02-2015"
"1407","NDL","JFK","07-04-2015"
"1408","NDL","JFK","08-05-2015"
"1409","NDL","JFK","13-05-2015"
"1410","NDL","JFK","01-08-2014"
"1411","NDL","JFK","22-12-2014"
"1412","NDL","JFK","28-01-2015"
"1413","NDL","JFK","17-09-2014"
"1414","NDL","JFK","13-06-2015"
"1415","NDL","JFK","28-09-2014"
"1416","NDL","JFK","23-11-2014"
"1417","NDL","JFK","12-01-2015"
"1418","NDL","LAX","24-08-2014"
"1419","NDL","LAX","27-05-2015"
"1420","NDL","LAX","15-03-2015"
"1421","NDL","LAX","16-08-2014"
"1422","NDL","LAX","22-02-2015"
"1423","NDL","LAX","31-10-2014"
"1424","NDL","LAX","02-04-2015"
"1425","NDL","LAX","24-05-2015"
"1426","NDL","LAX","16-09-2014"
"1427","NDL","LAX","19-09-2014"
"1428","NDL","LAX","18-03-2015"
"1429","NDL","LAX","09-05-2015"
"1431","NDL","LAX","18-11-2014"
"1432","NDL","LAX","10-01-2015"
"1433","NDL","LAX","02-12-2014"
"1434","NDL","LAX","24-01-2015"
"1435","NDL","LAX","23-08-2014"
"1436","NDL","LAX","18-08-2014"
"1437","NDL","LAX","15-05-2015"
"1438","NDL","LAX","09-02-2015"
"1439","NDL","LAX","30-01-2015"
"1440","NDL","LAX","28-02-2015"
"1441","NDL","LHR","22-10-2014"
"1442","NDL","LHR","20-11-2014"
"1443","NDL","LHR","12-09-2014"
"1444","NDL","LHR","02-11-2014"
"1445","NDL","LHR","25-01-2015"
"1446","NDL","LHR","24-12-2014"
"1447","NDL","LHR","11-09-2014"
"1448","NDL","LHR","15-05-2015"
"1449","NDL","LHR","13-05-2015"
"1452","NDL","LHR","13-12-2014"
"1453","NDL","LHR","15-04-2015"
"1454","NDL","LHR","09-05-2015"
"1455","NDL","LHR","14-11-2014"
"1456","NDL","LHR","19-09-2014"
"1457","NDL","LUV","16-07-2014"
"1458","NDL","LUV","22-02-2015"
"1459","NDL","LUV","19-06-2015"
"1460","NDL","LUV","16-12-2014"
"1461","NDL","LUV","04-01-2015"
"1462","NDL","LUV","06-08-2014"
"1464","NDL","LUV","11-05-2015"
"1465","NDL","LUV","18-07-2014"
"1466","NDL","LUV","09-06-2015"
"1467","NDL","LUV","15-01-2015"
"1468","NDL","LUV","16-09-2014"
"1469","NDL","LUV","28-11-2014"
"1470","NDL","LUV","04-07-2014"
"1471","NDL","LUV","06-06-2015"
"1472","NDL","LUV","29-11-2014"
"1473","NDL","LUV","27-09-2014"
"1474","NDL","MAD","05-03-2015"
"1475","NDL","MAD","14-12-2014"
"1476","NDL","MAD","21-07-2014"
"1477","NDL","MAD","14-09-2014"
"1478","NDL","MAD","10-03-2015"
"1479","NDL","MAD","08-12-2014"
"1480","NDL","MAD","24-08-2014"
"1481","NDL","MAD","14-07-2014"
"1482","NDL","MAD","10-11-2014"
"1484","NDL","MAD","12-09-2014"
"1485","NDL","MAD","15-01-2015"
"1486","NDL","MAD","05-11-2014"
"1487","NDL","MAD","08-06-2015"
"1488","NDL","MAD","06-04-2015"
"1489","NDL","MAD","06-01-2015"
"1490","NDL","MAD","13-02-2015"
"1491","NDL","MUM","07-04-2015"
"1492","NDL","MUM","21-10-2014"
"1493","NDL","MUM","02-09-2014"
"1494","NDL","MUM","18-01-2015"
"1495","NDL","MUM","01-03-2015"
"1496","NDL","MUM","07-02-2015"
"1497","NDL","MUM","06-11-2014"
"1498","NDL","MUM","21-05-2015"
"1499","NDL","MUM","08-02-2015"
"1500","NDL","MUM","11-04-2015"
"1501","NDL","MUM","19-02-2015"
"1502","NDL","MUM","16-12-2014"
"1503","NDL","MUM","01-12-2014"
"1504","NDL","MUM","10-07-2014"
"1505","NDL","MUM","21-06-2015"
"1506","NDL","MUM","04-03-2015"
"1507","NDL","MUM","17-01-2015"
"1508","NDL","MUM","02-06-2015"
"1509","NDL","MUM","14-04-2015"
"1510","NDL","MUM","19-10-2014"
"1511","NDL","MUM","24-09-2014"
"1512","NDL","MUM","12-11-2014"
